"AREA NAME", Lahore, Pakistan
"Sukh Chain Society", Lahore, Pakistan
"Bahria Town", Lahore, Pakistan
"EME DHA Society", Lahore, Pakistan
"PASCO Housing Society", Lahore, Pakistan
"Eden Canal Villas", Lahore, Pakistan
"Eden Homes", Lahore, Pakistan
"Fransisi Town", Lahore, Pakistan
"Doctors Society", Lahore, Pakistan
"Thokar Niaz Baig", Lahore, Pakistan
"Sarshar Town", Lahore, Pakistan
"Awan Town", Lahore, Pakistan
"Canal Breeze", Lahore, Pakistan
"Allama Iqbal Town", Lahore, Pakistan
"Saidpur", Lahore, Pakistan
"Sabzazar", Lahore, Pakistan
"Samanabad", Lahore, Pakistan
"Ichhra", Lahore, Pakistan
"Wahdat Colony", Lahore, Pakistan
"Gulshan E Ravi", Lahore, Pakistan
"Riwaz Garden", Lahore, Pakistan
"Band Road", Lahore, Pakistan
"Sanda Khurd", Lahore, Pakistan
"Sanda Kalan", Lahore, Pakistan
"Islam Pura", Lahore, Pakistan
"Sanat Nagar", Lahore, Pakistan
"Bilal Gang", Lahore, Pakistan
"Amin Park", Lahore, Pakistan
"Karim Park", Lahore, Pakistan
"Ravi Road", Lahore, Pakistan
"Data Nagar", Lahore, Pakistan
"Shad Bagh", Lahore, Pakistan
"Usman Ganj", Lahore, Pakistan
"Misri Shah", Lahore, Pakistan
"Faruque Ganj", Lahore, Pakistan
"Badami Bagh", Lahore, Pakistan
"Darbar Ghoray Shah", Lahore, Pakistan
"Baghban Pura", Lahore, Pakistan
"Star Town", Lahore, Pakistan
"Wapda Colony", Lahore, Pakistan
"Shalimar Town", Lahore, Pakistan
"Khudad Town", Lahore, Pakistan
"Mahmood Booty Ring Road", Lahore, Pakistan
"Herbuns Pura", Lahore, Pakistan
"Shalimar Link Road", Lahore, Pakistan
"Ghousia Colony", Lahore, Pakistan
"Ram Garh", Lahore, Pakistan
"Mughal Pura", Lahore, Pakistan
"Nabi Pura", Lahore, Pakistan
"Ittehad Colony", Lahore, Pakistan
"Samia Town", Lahore, Pakistan
"Muslima Bad", Lahore, Pakistan
"Ali Park", Lahore, Pakistan
"Guldasit Colony", Lahore, Pakistan
"New PAF Colony", Lahore, Pakistan
"Officers Colony", Lahore, Pakistan
"Mustafa Bad", Lahore, Pakistan
"Fortress Stadium", Lahore, Pakistan
"Burj Colony", Lahore, Pakistan
"Canal Road", Lahore, Pakistan
"Canal View Colony", Lahore, Pakistan
"Suparco Colony", Lahore, Pakistan
"Engineer Cooperative Society", Lahore, Pakistan
"Tech Society", Lahore, Pakistan
"PCSIR Housing Scheme", Lahore, Pakistan
"PCSIR Housing Society", Lahore, Pakistan
"Alpha Co Operative", Lahore, Pakistan
"Punjab University", Lahore, Pakistan
"Jinnah Hospital", Lahore, Pakistan
"Allama Iqbal Medical College", Lahore, Pakistan
"Punjab University Hostel", Lahore, Pakistan
"New Garden Town", Lahore, Pakistan
"Muslim Town", Lahore, Pakistan
"Shadman Colony", Lahore, Pakistan
"Fc College", Lahore, Pakistan
"Shah Jamal", Lahore, Pakistan
"Johar Town", Lahore, Pakistan
"PIA Society", Lahore, Pakistan
"Revenue Society", Lahore, Pakistan
"Airline Society", Lahore, Pakistan
"Shama Colony", Lahore, Pakistan
"Peco Road", Lahore, Pakistan
"Faisal Town", Lahore, Pakistan
"Model Town", Lahore, Pakistan
"New Mustafa Colony", Lahore, Pakistan
"Wafaqi Colony", Lahore, Pakistan
"Township", Lahore, Pakistan
"Kot Lakhpat", Lahore, Pakistan
"Bostan Colony", Lahore, Pakistan
"Baba Farid Colony", Lahore, Pakistan
"Race Course Town", Lahore, Pakistan
"Hamdard Chowk", Lahore, Pakistan
"Green Town", Lahore, Pakistan
"PCSIR Society", Lahore, Pakistan
"Bagrian", Lahore, Pakistan
"Punjab Govt Employs Coparative Society", Lahore, Pakistan
"Raiwind Road", Lahore, Pakistan
"Lake City", Lahore, Pakistan
"Lalzar Colony", Lahore, Pakistan
"West Wood Colony", Lahore, Pakistan
"Shabir Town", Lahore, Pakistan
"Main Khayaban Road", Lahore, Pakistan
"Opf Colony", Lahore, Pakistan
"Opf Housing Scheme", Lahore, Pakistan
"Nasheman Iqbal Housing Scheme", Lahore, Pakistan
"Tariq Garden", Lahore, Pakistan
"NFC Town", Lahore, Pakistan
"Wapda Town", Lahore, Pakistan
"Khyaban E Amin", Lahore, Pakistan
"Nespak Society", Lahore, Pakistan
"Anar Kali", Lahore, Pakistan
"Mall Road", Lahore, Pakistan
"Aitchison Society", Lahore, Pakistan
"Davis Road", Lahore, Pakistan
"Garhi Shahu", Lahore, Pakistan
"Railway Housing Society", Lahore, Pakistan
"Dharampura", Lahore, Pakistan
"Mayo Hospital", Lahore, Pakistan
"Gawal Mandi", Lahore, Pakistan
"Lakshmi Chowk", Lahore, Pakistan
"Punjab University Old Campus", Lahore, Pakistan
"Qila Gujarsing", Lahore, Pakistan
"Wapda House", Lahore, Pakistan
"Jail Road", Lahore, Pakistan
"Mazang", Lahore, Pakistan
"Ganga Ram Hospital", Lahore, Pakistan
"Race Course Park Surrounding Area", Lahore, Pakistan
"Gor", Lahore, Pakistan
"Gulberg 1", Lahore, Pakistan
"Gulberg 2", Lahore, Pakistan
"Gulberg 3", Lahore, Pakistan
"Firozpur Road", Lahore, Pakistan
"Askari Colony", Lahore, Pakistan
"Gulbahar Colony", Lahore, Pakistan
"Madina Colony", Lahore, Pakistan
"Walton Road", Lahore, Pakistan
"Ghazi Road", Lahore, Pakistan
"Chungi Amer Sadhu", Lahore, Pakistan
"Awan Market", Lahore, Pakistan
"Nishtar Colony", Lahore, Pakistan
"Youhna Bad", Lahore, Pakistan
"Abdalian Housing Society", Lahore, Pakistan
"Bedian Road", Lahore, Pakistan
"Alfalah Town", Lahore, Pakistan
"Chararrd Village", Lahore, Pakistan
"Cavalry Ground", Lahore, Pakistan
"Super Town", Lahore, Pakistan
"Rehman Garden", Lahore, Pakistan
"Punjab Society Near Dha", Lahore, Pakistan
"Sui Gas Society", Lahore, Pakistan
"State Life Society", Lahore, Pakistan
"DHA Phase 1", Lahore, Pakistan
"DHA Phase 2", Lahore, Pakistan
"DHA Phase 3", Lahore, Pakistan
"DHA Phase 4", Lahore, Pakistan
"DHA Phase 5", Lahore, Pakistan
"DHA Phase 6", Lahore, Pakistan
"DHA Phase 7", Lahore, Pakistan
"DHA Phase 8", Lahore, Pakistan
"DHA Phase 9", Lahore, Pakistan
"Lidhar", Lahore, Pakistan
"Chachowali", Lahore, Pakistan
"Gohawa", Lahore, Pakistan
"Airport Road", Lahore, Pakistan
"Cantt", Lahore, Pakistan
"Askrai 1", Lahore, Pakistan
"Askrai 2", Lahore, Pakistan
"Askrai 3", Lahore, Pakistan
"Askrai 4", Lahore, Pakistan
"Askrai 5", Lahore, Pakistan
"Askrai 6", Lahore, Pakistan
"Askrai 7", Lahore, Pakistan
"Askrai 8", Lahore, Pakistan
"Askrai 9", Lahore, Pakistan
"Askrai 10", Lahore, Pakistan
"Askrai 11", Lahore, Pakistan
"Army Housing Society", Lahore, Pakistan
"Eden Avenue", Lahore, Pakistan
"Eden View", Lahore, Pakistan
"Barki Road", Lahore, Pakistan
"Paragon City", Lahore, Pakistan
"LUMS", Lahore, Pakistan
"Rang Mehal", Lahore, Pakistan
"Architects Engineers Society", Lahore, Pakistan
"Civic Center", Lahore, Pakistan
"Gor I", Lahore, Pakistan
"Gor II", Lahore, Pakistan
"Gor III", Lahore, Pakistan
"Gor IV", Lahore, Pakistan
"Gor V", Lahore, Pakistan
"Tariq Block", Lahore, Pakistan
"Aurangzeb Block", Lahore, Pakistan
"Aibak Block", Lahore, Pakistan
"Babar Block", Lahore, Pakistan
"Tipu Block", Lahore, Pakistan
"Shersha Block", Lahore, Pakistan
"Atta Turk Block", Lahore, Pakistan
"Usman Block", Lahore, Pakistan
"Ali Block", Lahore, Pakistan
"Garden Block", Lahore, Pakistan
"Abu Bakar Block", Lahore, Pakistan
"Ahmed Block", Lahore, Pakistan
"Iqbal Ave Housing Society", Lahore, Pakistan
"Gulberg 5", Lahore, Pakistan
"Gulberg 4", Lahore, Pakistan
"Ferozpur Road", Lahore, Pakistan
"CMA Colony", Lahore, Pakistan
"Saint John Park", Lahore, Pakistan
"Saddar", Lahore, Pakistan
"Main Mir Colony", Lahore, Pakistan
"Upper Mall Scheme", Lahore, Pakistan
"Temple Road", Lahore, Pakistan
"Quaid e Azam Industrial Estate", Lahore, Pakistan
"Kainchi", Lahore, Pakistan
"K B Society", Lahore, Pakistan
"Salamatpura", Lahore, Pakistan
"Sarwar Road", Lahore, Pakistan
"Taj Bagh", Lahore, Pakistan
"Taj Para", Lahore, Pakistan
"Moon Market", Lahore, Pakistan
"Nizam Block", Lahore, Pakistan
"Shaikh Zayed Hospital", Lahore, Pakistan
"Gulshan Block", Lahore, Pakistan
"Shaukat Khanum Hospital", Lahore, Pakistan
"UCP", Lahore, Pakistan
"Muhafiz Town", Lahore, Pakistan
"LDA Avenue", Lahore, Pakistan
"Canal Garden", Lahore, Pakistan
"Tricon Valley", Lahore, Pakistan
"Jubli Town", Lahore, Pakistan
"Izmir Town", Lahore, Pakistan
"Iqbal Avenue", Lahore, Pakistan
"Canal Bank", Lahore, Pakistan
"Canal Park Society", Lahore, Pakistan
"Main Gulberg Boulevard", Lahore, Pakistan
"Falcon Complex", Lahore, Pakistan
"M M Alam Road", Lahore, Pakistan
"Asif Block", Lahore, Pakistan
"Multan Road", Lahore, Pakistan
"Badar Block", Lahore, Pakistan
"Chenab Block", Lahore, Pakistan
"College Block", Lahore, Pakistan
"Education Town", Lahore, Pakistan
"Huma Block", Lahore, Pakistan
"Hunza Block", Lahore, Pakistan
"Jehanzeb Block", Lahore, Pakistan
"Kamran Block", Lahore, Pakistan
"Karim Block", Lahore, Pakistan
"Khyber Block", Lahore, Pakistan
"Mamdoot Block", Lahore, Pakistan
"Maraghzar Colony", Lahore, Pakistan
"Mehran Block", Lahore, Pakistan
"Mustafa Town", Lahore, Pakistan
"Nargis Block", Lahore, Pakistan
"Neelam Block", Lahore, Pakistan
"Nishtar Block", Lahore, Pakistan
"Pak Block", Lahore, Pakistan
"Ravi Block", Lahore, Pakistan
"Rachna Block", Lahore, Pakistan
"Raza Block", Lahore, Pakistan
"Sutlej Block", Lahore, Pakistan
"Sikandar Block", Lahore, Pakistan
"Umer Block", Lahore, Pakistan
"Zeenat Block", Lahore, Pakistan
"Makkah Colony", Lahore, Pakistan
"Khuda Buksh Colony", Lahore, Pakistan
"Fort Villas", Lahore, Pakistan
"Bridge Colony", Lahore, Pakistan
"Lahore Gym Khana", Lahore, Pakistan
"Infantry Road", Lahore, Pakistan
"Khursheed Alam Road", Lahore, Pakistan
"Nisar Colony", Lahore, Pakistan
"Tufail Road", Lahore, Pakistan
"Lawrence Road", Lahore, Pakistan
"Nasheman Colony", Lahore, Pakistan
"Munir Road", Lahore, Pakistan
"R A Bazaar", Lahore, Pakistan
"Nishat Colony", Lahore, Pakistan
"Shahtaj Colony", Lahore, Pakistan
"Zaman Colony", Lahore, Pakistan
"LDA Colony", Lahore, Pakistan
"University of Lahore", Lahore, Pakistan
"Valencia Town", Lahore, Pakistan